{"sections":{"main":{"type":"main-page","disabled":true,"settings":{"padding_top":28,"padding_bottom":28}},"rich_text_AyBFRP":{"type":"rich-text","blocks":{"heading_fj7pA4":{"type":"heading","settings":{"heading":"Ginger. ALC.","heading_size":"h1"}},"text_CdpBhG":{"type":"text","settings":{"text":"<p>Gingeralc wordt in Nederland met de hand vervaardigd van échte, versgeperste fruitsappen, waarbij de natuurlijke kick vooral komt van onze frisse gember. Die geeft een pure, scherpe smaak en zorgt voor een aangenaam prikkelende ervaring. Natuurlijk vind je er ook een vleugje alcohol in – een speelse, subtiele noot die de balans op een verrassend verfrissende wijze compleet maakt. Verwacht een fruitige afdronk zonder kunstmatige aroma’s of extracten. Drink ’m ijskoud en ontdek zelf waarom ‘The shot that keeps you in balanced’ méér is dan alleen een slogan.<\/p>"}},"button_YAbrLf":{"type":"button","settings":{"button_label":"Bestellen","button_link":"shopify:\/\/pages\/bestellen","button_style_secondary":false,"button_label_2":"","button_link_2":"","button_style_secondary_2":false}}},"block_order":["heading_fj7pA4","text_CdpBhG","button_YAbrLf"],"settings":{"desktop_content_position":"center","content_alignment":"center","color_scheme":"scheme-b137be21-d524-47b8-ba5d-8f161031db59","full_width":true,"padding_top":40,"padding_bottom":52}},"contact_form_4FDHBC":{"type":"contact-form","disabled":true,"settings":{"heading":"Contactformulier","heading_size":"h1","color_scheme":"","padding_top":36,"padding_bottom":36}}},"order":["main","rich_text_AyBFRP","contact_form_4FDHBC"]}