{"sections":{"main":{"type":"main-page","disabled":true,"settings":{"padding_top":28,"padding_bottom":28}},"rich_text_AyBFRP":{"type":"rich-text","blocks":{"heading_fj7pA4":{"type":"heading","settings":{"heading":"Ginger. ALC.","heading_size":"h1"}},"text_CdpBhG":{"type":"text","settings":{"text":"<p>Gingeralc wordt in Nederland met de hand vervaardigd van échte, versgeperste fruitsappen, waarbij de natuurlijke kick vooral komt van onze frisse gember. Die geeft een pure, scherpe smaak en zorgt voor een aangenaam prikkelende ervaring. Natuurlijk vind je er ook een vleugje alcohol in – een speelse, subtiele noot die de balans op een verrassend verfrissende wijze compleet maakt. Verwacht een fruitige afdronk zonder kunstmatige aroma’s of extracten. Drink ’m ijskoud en ontdek zelf waarom ‘The shot that keeps you in balanced’ méér is dan alleen een slogan.<\/p>"}},"button_YAbrLf":{"type":"button","settings":{"button_label":"Bestellen","button_link":"shopify:\/\/pages\/bestellen","button_style_secondary":false,"button_label_2":"","button_link_2":"","button_style_secondary_2":false}}},"block_order":["heading_fj7pA4","text_CdpBhG","button_YAbrLf"],"disabled":true,"settings":{"desktop_content_position":"center","content_alignment":"center","color_scheme":"scheme-b137be21-d524-47b8-ba5d-8f161031db59","full_width":true,"padding_top":40,"padding_bottom":52}},"multirow_nLPUGL":{"type":"multirow","blocks":{"row_PkB9Ch":{"type":"row","settings":{"image":"shopify:\/\/shop_images\/Invoice001.jpg","caption":"Cafe de Sluyswacht","heading":"Cafe de Sluyswacht","text":"<p>Jodenbreestraat 1, 1011 NG Amsterdam<\/p>","button_label":"","button_link":"https:\/\/www.google.com\/maps\/place\/De+Sluyswacht\/@52.3546656,4.9039604,9z\/data=!4m6!3m5!1s0x47c609be8307c7cd:0xaebfc490ac8f1b9!8m2!3d52.3698667!4d4.9017167!16s%2Fg%2F11f31xynqn?entry=ttu&g_ep=EgoyMDI1MDkxNC4wIKXMDSoASAFQAw%3D%3D"}},"row_x7Wjq7":{"type":"row","settings":{"image":"shopify:\/\/shop_images\/in.webp","caption":"Cafe Arie","heading":"Cafe Arie","text":"<p>Ferdinand Bolstraat 24HS, 1072 LK Amsterdam<\/p>","button_label":"","button_link":""}},"row_9EPHgC":{"type":"row","settings":{"image":"shopify:\/\/shop_images\/D.webp","caption":"Bar DO","heading":"Bar Do","text":"<p>Vijzelgracht 35, 1017 HN Amsterdam<\/p>","button_label":"","button_link":""}}},"block_order":["row_PkB9Ch","row_x7Wjq7","row_9EPHgC"],"name":"t:sections.multirow.presets.name","settings":{"image_height":"medium","desktop_image_width":"medium","image_layout":"alternate-left","heading_size":"h1","text_style":"body","button_style":"secondary","desktop_content_position":"middle","desktop_content_alignment":"left","mobile_content_alignment":"left","section_color_scheme":"","row_color_scheme":"","padding_top":36,"padding_bottom":36}},"multirow_qBMjV8":{"type":"multirow","blocks":{"row_eYdkE8":{"type":"row","settings":{"image":"shopify:\/\/shop_images\/S.webp","caption":"Sarphaat","heading":"Sarphaat","text":"<p>Ceintuurbaan 157, 1072 GB Amsterdam<\/p>","button_label":"","button_link":""}},"row_YbtU4b":{"type":"row","settings":{"image":"shopify:\/\/shop_images\/Q.jpg","caption":"Cafe de Schinkelhaven","heading":"Cafe de Schinkelhaven","text":"<p>Amstelveenseweg 126, 1075 XL Amsterdam<\/p>","button_label":"","button_link":""}}},"block_order":["row_eYdkE8","row_YbtU4b"],"name":"t:sections.multirow.presets.name","settings":{"image_height":"medium","desktop_image_width":"medium","image_layout":"alternate-left","heading_size":"h1","text_style":"body","button_style":"secondary","desktop_content_position":"middle","desktop_content_alignment":"left","mobile_content_alignment":"left","section_color_scheme":"","row_color_scheme":"","padding_top":36,"padding_bottom":36}}},"order":["main","rich_text_AyBFRP","multirow_nLPUGL","multirow_qBMjV8"]}