{"sections":{"main":{"type":"main-page","disabled":true,"settings":{"padding_top":28,"padding_bottom":28}},"rich_text_AyBFRP":{"type":"rich-text","blocks":{"heading_fj7pA4":{"type":"heading","settings":{"heading":"Ginger. ALC.","heading_size":"h1"}},"text_CdpBhG":{"type":"text","settings":{"text":"<p>Gingeralc wordt in Nederland met de hand vervaardigd van échte, versgeperste fruitsappen, waarbij de natuurlijke kick vooral komt van onze frisse gember. Die geeft een pure, scherpe smaak en zorgt voor een aangenaam prikkelende ervaring. Natuurlijk vind je er ook een vleugje alcohol in – een speelse, subtiele noot die de balans op een verrassend verfrissende wijze compleet maakt. Verwacht een fruitige afdronk zonder kunstmatige aroma’s of extracten. Drink ’m ijskoud en ontdek zelf waarom ‘The shot that keeps you in balanced’ méér is dan alleen een slogan.<\/p>"}},"button_YAbrLf":{"type":"button","settings":{"button_label":"Bestellen","button_link":"shopify:\/\/pages\/bestellen","button_style_secondary":false,"button_label_2":"","button_link_2":"","button_style_secondary_2":false}}},"block_order":["heading_fj7pA4","text_CdpBhG","button_YAbrLf"],"disabled":true,"settings":{"desktop_content_position":"center","content_alignment":"center","color_scheme":"scheme-b137be21-d524-47b8-ba5d-8f161031db59","full_width":true,"padding_top":40,"padding_bottom":52}},"rich_text_6kRcw3":{"type":"rich-text","blocks":{"heading_3JJaaJ":{"type":"heading","settings":{"heading":"Ginger.ALC recepten","heading_size":"h0"}},"text_3F6cnH":{"type":"text","settings":{"text":""}}},"block_order":["heading_3JJaaJ","text_3F6cnH"],"name":"t:sections.rich-text.presets.name","settings":{"desktop_content_position":"center","content_alignment":"center","color_scheme":"scheme-b137be21-d524-47b8-ba5d-8f161031db59","full_width":true,"padding_top":40,"padding_bottom":52}},"multirow_MhJFgW":{"type":"multirow","blocks":{"row_cCbhkb":{"type":"row","settings":{"image":"shopify:\/\/shop_images\/GA-19.jpg","caption":"","heading":"Ginger.ALC Spritz","text":"<p>De Ginger.Alc Spritz is inmiddels een vaste favoriet in de Amsterdamse cafés. Fris, kruidig en nét even anders dan je gewend bent. Je maakt hem makkelijk zelf:<\/p><ul><li>90 ml prosecco<br\/><\/li><li>60–70 ml Ginger.ALC (afhankelijk van hoe sterk je wilt)<br\/><\/li><li>30 ml bruiswater<br\/><\/li><\/ul><p>Een sprankelend drankje dat perfect is voor op een zonnig terras of wanneer je zin hebt om iets nieuws te ontdekken.<\/p>","button_label":"","button_link":""}},"row_RVUPhc":{"type":"row","settings":{"image":"shopify:\/\/shop_images\/GA-10.jpg","caption":"","heading":"Ginger.ALC shot","text":"<p>De Ginger.Alc Gember Shot is krachtig en veelzijdig; één fles is genoeg voor vele intense shots. Puur geeft hij een karaktervolle gembersmaak die indruk maakt, maar hij is ook ideaal om nieuwe combinaties te ontdekken. Perfect voor wie houdt van verfijnde, verrassende smaken. Met de Ginger.Alc Gember Shot haal je concentratie en kwaliteit in één fles. Zo wordt elke shot een bijzondere ervaring.<\/p>","button_label":"","button_link":""}}},"block_order":["row_cCbhkb","row_RVUPhc"],"name":"t:sections.multirow.presets.name","settings":{"image_height":"medium","desktop_image_width":"medium","image_layout":"alternate-left","heading_size":"h1","text_style":"body","button_style":"secondary","desktop_content_position":"middle","desktop_content_alignment":"left","mobile_content_alignment":"left","section_color_scheme":"scheme-b137be21-d524-47b8-ba5d-8f161031db59","row_color_scheme":"scheme-b137be21-d524-47b8-ba5d-8f161031db59","padding_top":36,"padding_bottom":36}}},"order":["main","rich_text_AyBFRP","rich_text_6kRcw3","multirow_MhJFgW"]}