{"name":"t:sections.header.name","type":"header","sections":{"announcement-bar":{"type":"announcement-bar","blocks":{"announcement-bar-0":{"type":"announcement","settings":{"text":"The Shot that really keeps you balanced","link":""}}},"block_order":["announcement-bar-0"],"settings":{"auto_rotate":false,"change_slides_speed":5,"color_scheme":"scheme-255b2996-bbb9-4781-82a7-7e44e1f781a6","show_line_separator":true,"show_social":false,"enable_country_selector":true,"enable_language_selector":false}},"header":{"type":"header","settings":{"logo_position":"top-center","mobile_logo_position":"center","menu":"main-menu","menu_type_desktop":"drawer","sticky_header_type":"on-scroll-up","show_line_separator":true,"color_scheme":"scheme-255b2996-bbb9-4781-82a7-7e44e1f781a6","menu_color_scheme":"scheme-1","enable_country_selector":true,"enable_language_selector":true,"enable_customer_avatar":true,"margin_bottom":0,"padding_top":0,"padding_bottom":0}},"1758191257c2eb1c13":{"type":"apps","settings":{"include_margins":true}}},"order":["announcement-bar","header","1758191257c2eb1c13"]}