{"sections":{"custom_liquid_FDURPe":{"type":"custom-liquid","name":"t:sections.custom-liquid.presets.name","settings":{"custom_liquid":"<div style=\"font-family: 'Times New Roman', serif; text-align: center; padding: 60px 20px; background-color: #fff; max-width: 800px; margin: 0 auto;\">\n\n  <!-- Cadeau-informatie -->\n  <p style=\"font-size: 20px; line-height: 1.8; color: #333; margin-bottom: 40px;\">\n    \n    Ontdek onze unieke gembershots met alcohol.\n  <\/p>\n\n  <!-- Bezorginformatie -->\n  <p style=\"font-size: 18px; line-height: 1.8; color: #333;\">\n    Vrijdag & zaterdag: <span style=\"color: #C50000;\">bezorgd in Amsterdam<\/span><br>\n    Hele week: <span style=\"color: #C50000;\">via de post door heel Nederland<\/span>\n  <\/p>\n\n<\/div>","color_scheme":"","padding_top":12,"padding_bottom":12}},"featured_collection":{"type":"featured-collection","disabled":true,"settings":{"collection":"","products_to_show":2,"title":"Producten","heading_size":"h2","description":"","show_description":false,"description_style":"body","columns_desktop":4,"enable_desktop_slider":false,"full_width":false,"show_view_all":true,"view_all_style":"solid","color_scheme":"scheme-1","image_ratio":"adapt","image_shape":"default","show_secondary_image":true,"show_vendor":false,"show_rating":false,"quick_add":"none","columns_mobile":"2","swipe_on_mobile":false,"padding_top":44,"padding_bottom":36}},"featured_product_mDXrPa":{"type":"featured-product","blocks":{"text_hNimqK":{"type":"text","settings":{"text":"{{ section.settings.product.vendor }}","text_style":"uppercase"}},"title_zC7FcC":{"type":"title","settings":{"heading_size":"h1"}},"price_dMFQD4":{"type":"price","settings":{}},"variant_picker_Uk6yPE":{"type":"variant_picker","settings":{"picker_type":"button","swatch_shape":"circle"}},"quantity_selector_KrjPN8":{"type":"quantity_selector","settings":{}},"buy_buttons_zGmJKr":{"type":"buy_buttons","settings":{"show_dynamic_checkout":true,"show_gift_card_recipient":true}},"share_pNYP4M":{"type":"share","settings":{"share_label":"Delen"}}},"block_order":["text_hNimqK","title_zC7FcC","price_dMFQD4","variant_picker_Uk6yPE","quantity_selector_KrjPN8","buy_buttons_zGmJKr","share_pNYP4M"],"settings":{"product":"the-original-ginger-alc-14-9-alc","color_scheme":"scheme-255b2996-bbb9-4781-82a7-7e44e1f781a6","secondary_background":true,"media_size":"medium","constrain_to_viewport":true,"media_fit":"contain","media_position":"left","image_zoom":"lightbox","hide_variants":true,"enable_video_looping":true,"padding_top":24,"padding_bottom":28}}},"order":["custom_liquid_FDURPe","featured_collection","featured_product_mDXrPa"]}