{"sections":{"main":{"type":"main-page","disabled":true,"settings":{"padding_top":28,"padding_bottom":28}},"1758198433d9ea6933":{"type":"apps","blocks":{"instafeed_app_block_tEQ6Cb":{"type":"shopify:\/\/apps\/instafeed\/blocks\/app-block\/c447db20-095d-4a10-9725-b5977662c9d5","settings":{"title":"Ginger. ALC","title_color":"#c50000","title_size_v2":49,"alignment":"center","instafeed_margin_top":0,"instafeed_margin_bottom":0,"instafeed_margin_sides":0,"show_instagram_link":false,"link_alignment":"left","link_color":"#000000","background_color":"","feed_id":"","html_area":""}}},"block_order":["instafeed_app_block_tEQ6Cb"],"settings":{"include_margins":true}}},"order":["main","1758198433d9ea6933"]}