{"sections":{"main":{"type":"main-page","disabled":true,"settings":{"padding_top":36,"padding_bottom":36}},"multicolumn_RUigHw":{"type":"multicolumn","blocks":{"column_Pp9nRM":{"type":"column","settings":{"title":"Het product","text":"<p>Gingeralc wordt in Nederland met de hand vervaardigd van échte, versgeperste fruitsappen, waarbij de natuurlijke kick vooral komt van onze frisse gember. Die geeft een pure, scherpe smaak en zorgt voor een aangenaam prikkelende ervaring. Natuurlijk vind je er ook een vleugje alcohol in – een speelse, subtiele noot die de balans op een verrassend verfrissende wijze compleet maakt. Verwacht een fruitige afdronk zonder kunstmatige aroma’s of extracten. Drink ’m ijskoud en ontdek zelf waarom ‘The shot that really keeps you balanced’ méér is dan alleen een slogan.<\/p>","link_label":"","link":""}}},"block_order":["column_Pp9nRM"],"disabled":true,"settings":{"title":"Ginger.ALC","heading_size":"hxl","image_width":"full","image_ratio":"adapt","button_label":"Knoplabel","button_link":"","columns_desktop":6,"column_alignment":"center","background_style":"primary","color_scheme":"scheme-b137be21-d524-47b8-ba5d-8f161031db59","columns_mobile":"1","swipe_on_mobile":true,"padding_top":36,"padding_bottom":36}},"contact_form_d4PB9K":{"type":"contact-form","settings":{"heading":"Contactformulier","heading_size":"h1","color_scheme":"scheme-b137be21-d524-47b8-ba5d-8f161031db59","padding_top":36,"padding_bottom":36}},"custom_liquid_PaLabi":{"type":"custom-liquid","name":"t:sections.custom-liquid.presets.name","settings":{"custom_liquid":"<div style=\"display: flex; justify-content: center; gap: 25px; flex-wrap: wrap; max-width: 900px; margin: 0 auto;\">\n\n  <!-- Algemene info -->\n  <div style=\"border: 1px solid #c50000; padding: 25px; background: #fff; text-align: center; width: 225px;\">\n    <h3 style=\"margin: 0 0 12px; font-size: 18px; font-weight: 600;\">Algemene info<\/h3>\n    <p style=\"margin: 0; font-size: 15px;\">\n      <a href=\"mailto:info@gingeralc.nl\" style=\"color: #000; text-decoration: none;\">info@gingeralc.nl<\/a>\n    <\/p>\n  <\/div>\n\n  <!-- Partnerships -->\n  <div style=\"border: 1px solid #c50000; padding: 25px; background: #fff; text-align: center; width: 225px;\">\n    <h3 style=\"margin: 0 0 12px; font-size: 18px; font-weight: 600;\">Partnerships<\/h3>\n    <p style=\"margin: 0; font-size: 15px;\">\n      <a href=\"mailto:pepijn@gingeralc.nl\" style=\"color: #000; text-decoration: none;\">pepijn@gingeralc.nl<\/a>\n    <\/p>\n  <\/div>\n\n  <!-- Telefoon -->\n  <div style=\"border: 1px solid #c50000; padding: 25px; background: #fff; text-align: center; width: 225px;\">\n    <h3 style=\"margin: 0 0 12px; font-size: 18px; font-weight: 600;\">Telefoon<\/h3>\n    <div style=\"display: flex; align-items: center; justify-content: center; gap: 8px; font-size: 15px;\">\n      <!-- Professionele vlag als klein blokje -->\n      <img src=\"https:\/\/upload.wikimedia.org\/wikipedia\/commons\/2\/20\/Flag_of_the_Netherlands.svg\" alt=\"NL\" style=\"width:22px; height:15px; border:1px solid #ccc;\">\n      <a href=\"tel:+31644766252\" style=\"color: #000; text-decoration: none; font-weight: 500;\">+31 6 44766252<\/a>\n    <\/div>\n  <\/div>\n\n<\/div>","color_scheme":"","padding_top":40,"padding_bottom":52}}},"order":["main","multicolumn_RUigHw","contact_form_d4PB9K","custom_liquid_PaLabi"]}