{"sections":{"main":{"type":"main-page","disabled":true,"settings":{"padding_top":36,"padding_bottom":36}},"multicolumn_RUigHw":{"type":"multicolumn","blocks":{"column_Pp9nRM":{"type":"column","settings":{"title":"Het product","text":"<p>Gingeralc wordt in Nederland met de hand vervaardigd van échte, versgeperste fruitsappen, waarbij de natuurlijke kick vooral komt van onze frisse gember. Die geeft een pure, scherpe smaak en zorgt voor een aangenaam prikkelende ervaring. Natuurlijk vind je er ook een vleugje alcohol in – een speelse, subtiele noot die de balans op een verrassend verfrissende wijze compleet maakt. Verwacht een fruitige afdronk zonder kunstmatige aroma’s of extracten. Drink ’m ijskoud en ontdek zelf waarom ‘The shot that really keeps you balanced’ méér is dan alleen een slogan.<\/p>","link_label":"","link":""}}},"block_order":["column_Pp9nRM"],"disabled":true,"settings":{"title":"Ginger.ALC","heading_size":"hxl","image_width":"full","image_ratio":"adapt","button_label":"Knoplabel","button_link":"","columns_desktop":6,"column_alignment":"center","background_style":"primary","color_scheme":"scheme-b137be21-d524-47b8-ba5d-8f161031db59","columns_mobile":"1","swipe_on_mobile":true,"padding_top":36,"padding_bottom":36}},"slideshow_bctwVq":{"type":"slideshow","blocks":{"slide_a3pV3H":{"type":"slide","settings":{"image":"shopify:\/\/shop_images\/DSC00857.jpg","image_overlay_opacity":0,"heading":"Afbeelding dia","heading_size":"h1","subheading":"Vertel met afbeeldingen het verhaal van je merk","button_label":"Knoplabel","link":"","button_style_secondary":false,"show_text_box":true,"box_align":"middle-center","text_alignment":"center","text_alignment_mobile":"center","color_scheme":""}},"slide_frYtgw":{"type":"slide","settings":{"image_overlay_opacity":0,"heading":"Afbeelding dia","heading_size":"h1","subheading":"Vertel met afbeeldingen het verhaal van je merk","button_label":"Knoplabel","link":"","button_style_secondary":false,"show_text_box":true,"box_align":"middle-center","text_alignment":"center","text_alignment_mobile":"center","color_scheme":""}}},"block_order":["slide_a3pV3H","slide_frYtgw"],"settings":{"layout":"full_bleed","slide_height":"medium","slider_visual":"counter","auto_rotate":false,"change_slides_speed":5,"image_behavior":"none","show_text_below":true,"accessibility_info":"Diavoorstelling over ons merk"}}},"order":["main","multicolumn_RUigHw","slideshow_bctwVq"]}